負向詞,中性詞
分屍,空地
強姦,默想
屠殺,冥想
凌虐,段落
自焚,概要
崩潰,底下
暴躁,前言
上吊,取向
欺騙,選取
變態,字形
憤怒,厚度
亂倫,句子
血腥,配套
暴虐,用語
溺斃,檢閱
狠毒,思量
砍頭,屬性
詛咒,歸類
發怒,由來
猥褻,摘要
畜生,主義
怒罵,沿途
殘忍,額外
驚嚇,比喻
咆哮,時程
悲慟,循環
喪命,通往
哭泣,預先
激怒,要件
挑釁,收取
傷心,調節
憎惡,隨身
恐怖,見解
破產,演繹
悲憤,抽象
憎恨,心智
悲痛,傾向
焦躁,抽取
淫蕩,考察
焦慮,起點
雜交,緣故
瘟疫,提取
陰險,交替
悲傷,回顧
野蠻,聲稱
恥辱,伸直
悽慘,換取
瘋癲,擺設
反感,調頻
骯髒,假定
敗類,慰藉
厭煩,抽樣
焦急,清高
喪事,備用
心煩,推測
卑鄙,知覺
出殯,虛擬
噁心,伴隨
罪孽,注重
惡劣,頭腦
下蠱,體積
災禍,推論
偏見,商議
笨蛋,乾燥
騙子,轉速
邪惡,隨機
夭折,察覺
虛偽,散佈
厭世,評價
刻薄,轉彎
狂傲,務必
沮喪,時髦
絕望,斷定
貪婪,揣測
淒涼,華麗
悲哀,上流
卑劣,
陪葬,
苦惱,
嫌惡,
錯亂,
畸形,
自卑,
斷氣,
殘廢,
諂媚,
白痴,
罪惡,
短命,
無能,
憂傷,
窮困,
輕蔑,
墮落,
憂慮,
蔑視,
醜陋,
膽小,
病態,
腐敗,
去勢,
膽怯,
哀悼,
頹廢,
貧乏,
軟弱,
意圖,
懶惰,